catalog_id,catalog_name,source_path,element_id,code,name,title,description,statement,requirement_level,requirement_section,lifecycle_status,applies_target_class,applies_target_kinds,applies_implementation_scope,applies_dams_model_level,applies_implementation_profile,check_count,check_ids,check_kinds,severities,diagnostic_codes
dams:req-catalog/conceptual-model/0.1,conceptual_model_requirements,model-assets/specifications/moex-dams/0.1/requirements/conceptual-model-requirements.yaml,dams:req/CM-CON-001,CM-CON-001,conceptual_entity_core,Концептуальная сущность,Обязательные поля ConceptualEntity.,"Каждая концептуальная сущность должна иметь стабильный element_id, имя, описание и статус жизненного цикла. Концептуальный уровень — source of truth для корпоративных бизнес-понятий (не таблиц решения).",conceptual_model,GEN,active,,,,,,4,CM-CON-001.c1; CM-CON-001.c2; CM-CON-001.c3; CM-CON-001.c4,slot_required; slot_required; slot_required; slot_required,error; error; error; error,; ; ; 
dams:req-catalog/conceptual-model/0.1,conceptual_model_requirements,model-assets/specifications/moex-dams/0.1/requirements/conceptual-model-requirements.yaml,dams:req/CM-CON-002,CM-CON-002,conceptual_entity_tier,Уровень концептуальной сущности (primary/dependent),Structural independence of ConceptualEntity (ADR-026). Implemented by check_conceptual_entities (warning during transitional period when tier is omitted; errors when tier is declared inconsistently).,Каждая концептуальная сущность должна иметь entity_tier: primary (независимое существование) или dependent (не существует без владельцев в depends_on_refs). Для dependent обязателен dependency_kind (characteristic | associative). Граф depends_on ацикличен. Наличие FK в ER-схеме само по себе не делает сущность dependent.,conceptual_model,GEN,active,,,,,,1,CM-CON-002.c1,custom,warning,DAMS-CM-TIER
dams:req-catalog/conceptual-model/0.1,conceptual_model_requirements,model-assets/specifications/moex-dams/0.1/requirements/conceptual-model-requirements.yaml,dams:req/CM-CON-003,CM-CON-003,conceptual_entity_genesis,Генезис концептуальной сущности (external/native),Genesis and external_class_refs (ADR-026). external ⇔ ≥1 external_class_refs; native ⇔ empty. match_kind drives ADR-025 exactness.,"Концептуальная сущность либо выравнивается на внешний класс/термин (genesis_kind=external с external_class_refs и match_kind), либо является собственной моделью MOEX (genesis_kind=native без внешних ссылок). Каноническое хранение выравнивания — external_class_refs; Mapping aligns_with может дублировать для ExternalTermSelection.",conceptual_model,GEN,active,,,,,,1,CM-CON-003.c1,custom,warning,DAMS-CM-GENESIS
dams:req-catalog/conceptual-model/0.1,conceptual_model_requirements,model-assets/specifications/moex-dams/0.1/requirements/conceptual-model-requirements.yaml,dams:req/CM-GEN-001,CM-GEN-001,conceptual_package_identity,Идентичность пакета концептуальной модели,Обязательные поля корня ModelPackage для enterprise-conceptual.,"У каждой корпоративной концептуальной модели должен быть стабильный идентификатор пакета, человекочитаемое имя, краткое описание, статус жизненного цикла, версия API схемы и семантическая версия модели. Без этих полей пакет не принимается валидатором.",conceptual_model,GEN,active,,,,,,6,CM-GEN-001.c1; CM-GEN-001.c2; CM-GEN-001.c3; CM-GEN-001.c4; CM-GEN-001.c5; CM-GEN-001.c6,slot_required; slot_required; slot_required; slot_required; slot_required; slot_required,error; error; error; error; error; error,DAMS-STRUCT-001; DAMS-STRUCT-002; ; ; ; 
dams:req-catalog/conceptual-model/0.1,conceptual_model_requirements,model-assets/specifications/moex-dams/0.1/requirements/conceptual-model-requirements.yaml,dams:req/CM-GEN-002,CM-GEN-002,conceptual_implementation_scope,Область enterprise-conceptual,Пакет концептуальной модели должен иметь implementation_scope: enterprise и не ссылаться на конкретное ИТ-решение.,Корпоративная концептуальная модель (ADR-021) объявляет implementation_scope = enterprise. Поле solution_ref должно отсутствовать: модель не привязана к конкретному ИТ-решению.,conceptual_model,GEN,active,,,,,,1,CM-GEN-002.c1,slot_required,error,DAMS-LEVEL-002
dams:req-catalog/conceptual-model/0.1,conceptual_model_requirements,model-assets/specifications/moex-dams/0.1/requirements/conceptual-model-requirements.yaml,dams:req/CM-PDM-000,CM-PDM-000,conceptual_no_physical,Запрет физического слоя,Enterprise-conceptual пакет не содержит physical_objects (ADR-021).,"В корпоративной концептуальной модели физические объекты (таблицы, топики, API) запрещены. Физический слой описывается только в solution-реализациях, которые realize концептуальные сущности.",conceptual_model,PDM,active,,,,,,1,CM-PDM-000.c1,custom,error,DAMS-LEVEL-003
dams:req-catalog/conceptual-model/0.1,conceptual_model_requirements,model-assets/specifications/moex-dams/0.1/requirements/conceptual-model-requirements.yaml,dams:req/CM-REF-001,CM-REF-001,conceptual_relationship_endpoints,Концы связей концептуальных сущностей,Обязательные концы Relationship на концептуальном уровне.,"Именованная связь между концептуальными сущностями должна явно указывать исходную и целевую сущность. Обе ссылки должны указывать на элементы, присутствующие в том же пакете модели.",conceptual_model,REF,active,,,,,,4,CM-REF-001.c1; CM-REF-001.c2; CM-REF-001.c3; CM-REF-001.c4,slot_required; slot_required; ref_resolves; ref_resolves,error; error; error; error,DAMS-REF-005; DAMS-REF-006; DAMS-REF-005; DAMS-REF-006
dams:req-catalog/conceptual-model/0.1,conceptual_model_requirements,model-assets/specifications/moex-dams/0.1/requirements/conceptual-model-requirements.yaml,dams:req/CM-REF-002,CM-REF-002,conceptual_relation_term,Термин связи концептуальных сущностей,RelationTerm dictionary with forward/inverse labels (ADR-026). One Relationship record per pair; labels derived from the term.,Именованная связь на концептуальном уровне ссылается на термин из справочника RelationTerm с прямой и обратной формулировкой (forward_label / inverse_label). Одна запись Relationship на пару; подписи с обеих сторон вычисляются. Для active связей enterprise-модели отсутствие relation_term_ref — предупреждение на переходный период.,conceptual_model,REF,active,,,,,,1,CM-REF-002.c1,custom,warning,DAMS-CM-RELTERM
dams:req-catalog/it-solution/0.1,it_solution_requirements,model-assets/specifications/moex-dams/0.1/requirements/it-solution-requirements.yaml,dams:req/ATR-001,ATR-001,logical_attribute_core,Основные свойства атрибута,"owner, type, required, multivalued.","У логического атрибута должны быть указаны владеющая сущность, логический тип, обязательность заполнения и признак множественности.",it_solution,ATR,active,LogicalAttribute,,,,,4,ATR-001.c1; ATR-001.c2; ATR-001.c3; ATR-001.c4,slot_required; slot_required; slot_required; slot_required,error; error; error; error,DAMS-REQ-ATR-001.c1; DAMS-REQ-ATR-001.c2; DAMS-REQ-ATR-001.c3; DAMS-REQ-ATR-001.c4
dams:req-catalog/it-solution/0.1,it_solution_requirements,model-assets/specifications/moex-dams/0.1/requirements/it-solution-requirements.yaml,dams:req/ATR-002,ATR-002,attribute_naming,Именование атрибута,Wave 2 soft — lower_snake_case technical name.,"Техническое имя логического атрибута должно быть в стиле нижнего регистра с подчёркиваниями между словами. Не включайте в имя тип конкретной базы данных, длину поля или название таблицы.",it_solution,ATR,active,LogicalAttribute,,,,,1,ATR-002.c1,conditional_branch,warning,DAMS-REQ-ATR-002.c1
dams:req-catalog/it-solution/0.1,it_solution_requirements,model-assets/specifications/moex-dams/0.1/requirements/it-solution-requirements.yaml,dams:req/ATR-004,ATR-004,attribute_type_specific_soft,Дополнительные свойства по типу атрибута,Wave 2 warning — currency/unit/timezone when type implies them.,"Для денежных величин, количеств и отметок времени рекомендуется указать валюту или ссылку на атрибут валюты, единицу измерения и политику часового пояса соответственно. На этапе первичной публикации это предупреждение, а не блокирующая ошибка.",it_solution,ATR,active,LogicalAttribute,,,,,1,ATR-004.c1,conditional_branch,warning,DAMS-REQ-ATR-004.c1
dams:req-catalog/it-solution/0.1,it_solution_requirements,model-assets/specifications/moex-dams/0.1/requirements/it-solution-requirements.yaml,dams:req/ATR-005,ATR-005,attribute_physical_coverage,Отображение атрибута на реализацию,Mapping coverage for applicable attributes.,"Для логического атрибута, который считается подлежащим физической реализации в этом пакете (не помечен как планируемый, производный, унаследованный, неприменимый или только технический), должно быть задано соответствие физическому полю и/или правило вычисления, либо письменное обоснование отсутствия. Поле и правило вычисления могут быть указаны вместе. Статус «планируется» требует обоснования и не должен быть постоянным обходом для уже активных элементов.",it_solution,ATR,active,LogicalAttribute,,,,,2,ATR-005.c1; ATR-005.c2,conditional_branch; conditional_branch,error; warning,DAMS-REQ-ATR-005.c1; DAMS-REQ-ATR-005.c2
dams:req-catalog/it-solution/0.1,it_solution_requirements,model-assets/specifications/moex-dams/0.1/requirements/it-solution-requirements.yaml,dams:req/CLS-001,CLS-001,classification_axes_independent,Независимость осей классификации,Wave 2 warning — entity_type vs data_class.,Архитектурная роль сущности и природа данных — разные оси классификации и должны заполняться независимо. Нельзя подменять одно другим.,it_solution,CLS,active,LogicalEntity,,,,,1,CLS-001.c1,conditional_branch,warning,DAMS-REQ-CLS-001.c1
dams:req-catalog/it-solution/0.1,it_solution_requirements,model-assets/specifications/moex-dams/0.1/requirements/it-solution-requirements.yaml,dams:req/CLS-002,CLS-002,security_classification_soft,Режим защиты данных,Wave 2 warning — security_classification when governance is confidential/restricted.,"Если к сущности применена повышенная классификация управления доступом, рекомендуется отдельно указать требуемый режим защиты данных. Это не заменяет классификацию управления и не смешивается с критичностью процесса.",it_solution,CLS,active,LogicalEntity,,,,,1,CLS-002.c1,conditional_branch,warning,DAMS-REQ-CLS-002.c1
dams:req-catalog/it-solution/0.1,it_solution_requirements,model-assets/specifications/moex-dams/0.1/requirements/it-solution-requirements.yaml,dams:req/FLW-001,FLW-001,cross_solution_dataflow,Потоки через границы решений,Wave 2 soft — DataFlow when providing/consuming across solutions.,"Если решение предоставляет или получает данные за пределами своей границы, потоки данных и соответствия должны быть описаны явно. На этапе первичной публикации отсутствие таких описаний отмечается как предупреждение.",it_solution,FLW,active,ModelPackage,,solution,,,1,FLW-001.c1,conditional_branch,warning,DAMS-REQ-FLW-001.c1
dams:req-catalog/it-solution/0.1,it_solution_requirements,model-assets/specifications/moex-dams/0.1/requirements/it-solution-requirements.yaml,dams:req/GEN-001,GEN-001,model_package_identity,Идентичность и ответственность пакета,"Identity, version, lifecycle и ownership пакета модели.","У пакета модели данных ИТ-решения должны быть стабильный идентификатор, понятное название, описание, версия и статус жизненного цикла. Должен быть указан ответственный за данные (владелец данных) либо явно описано, от какого объекта наследуется эта ответственность (например от ИТ-решения или доменного контекста). Локальное уточнение ответственности поверх правила наследования допускается.",it_solution,GEN,active,ModelPackage,,solution,solution,,7,GEN-001.c1; GEN-001.c2; GEN-001.c3; GEN-001.c4; GEN-001.c5; GEN-001.c6; GEN-001.c7,slot_required; slot_required; slot_required; slot_required; slot_required; slot_required; slot_required,error; error; error; error; error; error; error,DAMS-STRUCT-001; DAMS-STRUCT-002; DAMS-REQ-GEN-001.c3; DAMS-REQ-GEN-001.c4; DAMS-REQ-GEN-001.c5; DAMS-REQ-GEN-001.c6; DAMS-REQ-GEN-001.c7
dams:req-catalog/it-solution/0.1,it_solution_requirements,model-assets/specifications/moex-dams/0.1/requirements/it-solution-requirements.yaml,dams:req/GEN-002,GEN-002,solution_binding,Привязка к ИТ-решению,Пакет уровня solution ссылается на ИТ-решение.,"Пакет модели конкретного ИТ-решения должен ссылаться на одно ИТ-решение и быть помечен как модель уровня решения, а не как общекорпоративная концептуальная модель.",it_solution,GEN,active,ModelPackage,,,,,2,GEN-002.c1; GEN-002.c2,slot_required; conditional_branch,error; error,DAMS-REQ-GEN-002.c1; DAMS-REQ-GEN-002.c2
dams:req-catalog/it-solution/0.1,it_solution_requirements,model-assets/specifications/moex-dams/0.1/requirements/it-solution-requirements.yaml,dams:req/GEN-003,GEN-003,non_empty_model,Непустой состав модели,Пакет содержит logical или physical facet.,Пакет модели ИТ-решения должен содержать хотя бы одну логическую сущность или хотя бы один физический объект данных. Пустой пакет не допускается.,it_solution,GEN,active,ModelPackage,,solution,,,1,GEN-003.c1,conditional_branch,error,DAMS-REQ-GEN-003.c1
dams:req-catalog/it-solution/0.1,it_solution_requirements,model-assets/specifications/moex-dams/0.1/requirements/it-solution-requirements.yaml,dams:req/GEN-004,GEN-004,physical_object_semantic_link,Физические объекты связаны со смыслом,Data-carrying PhysicalObject имеет entity mapping или technical-only.,"Если в пакете описан физический объект, который сам несёт или предоставляет данные (таблица, представление, файл, набор данных, конечная точка API, топик/сообщение и т.п.), для него должно быть показано соответствие логическому смыслу либо явно указано, что объект только технический/служебный, с кратким обоснованием. Инфраструктурные контейнеры (экземпляр БД, пространство имён схемы, бакет как контейнер, соединение, индекс и т.п.) этим требованием не покрываются автоматически.",it_solution,GEN,active,PhysicalObject,table; view; file; dataset; api; endpoint; topic; message; queue; payload,solution,,,1,GEN-004.c1,conditional_branch,error,DAMS-REQ-GEN-004.c1
dams:req-catalog/it-solution/0.1,it_solution_requirements,model-assets/specifications/moex-dams/0.1/requirements/it-solution-requirements.yaml,dams:req/LDM-001,LDM-001,logical_entity_context,Контекст и роль данных,Обязательные context_ref и solution_data_role.,"Каждая логическая сущность должна быть отнесена к доменному контексту внутри пакета и к роли данных решения (создаёт/хранит, потребляет или посредничает).",it_solution,LDM,active,LogicalEntity,,solution,,,3,LDM-001.c1; LDM-001.c2; LDM-001.c3,slot_required; slot_required; ref_resolves,error; error; error,DAMS-REQ-LDM-001.c1; DAMS-REQ-LDM-001.c2; DAMS-REF-002
dams:req-catalog/it-solution/0.1,it_solution_requirements,model-assets/specifications/moex-dams/0.1/requirements/it-solution-requirements.yaml,dams:req/LDM-002,LDM-002,logical_entity_identity_ownership,Обозначение и ответственность сущности,title/name/description/lifecycle и ownership.,"У логической сущности должны быть русское бизнес-название, техническое имя, разрешимое эталонное определение (own description либо наследование по ADR-025), статус жизненного цикла и ответственный за данные либо наследование ответственности (ADR-023).",it_solution,LDM,active,LogicalEntity,,,,,5,LDM-002.c1; LDM-002.c2; LDM-002.c3; LDM-002.c4; LDM-002.c5,slot_required; slot_required; definition_resolvable; slot_required; at_least_one_slots,error; error; error; error; error,DAMS-REQ-LDM-002.c1; DAMS-REQ-LDM-002.c2; DAMS-REQ-LDM-002.c3; DAMS-REQ-LDM-002.c4; DAMS-REQ-LDM-002.c5
dams:req-catalog/it-solution/0.1,it_solution_requirements,model-assets/specifications/moex-dams/0.1/requirements/it-solution-requirements.yaml,dams:req/LDM-003,LDM-003,logical_entity_classification,Классификация сущности,"entity_type, data_class, business_importance, governance.","Для логической сущности должны быть независимо указаны архитектурная роль, природа данных, важность для бизнеса и базовая классификация управления доступом/чувствительностью. Эти признаки не подменяют друг друга.",it_solution,LDM,active,LogicalEntity,,,,,4,LDM-003.c1; LDM-003.c2; LDM-003.c3; LDM-003.c4,slot_required; slot_required; slot_required; slot_required,error; error; error; error,DAMS-REQ-LDM-003.c1; DAMS-REQ-LDM-003.c2; DAMS-REQ-LDM-003.c3; DAMS-REQ-LDM-003.c4
dams:req-catalog/it-solution/0.1,it_solution_requirements,model-assets/specifications/moex-dams/0.1/requirements/it-solution-requirements.yaml,dams:req/LDM-004,LDM-004,identity_rule_and_key,Правило идентичности,identity_rule и ключ; surrogate alone insufficient.,"Для логической сущности должно быть описано, по каким деловым признакам два экземпляра считаются одним и тем же объектом, и указан характер ключа (натуральный, составной, внешний, локальный, суррогатный, производный) и/или состав ключевых атрибутов. Одного технического суррогатного ключа без делового правила для нетехнической сущности недостаточно.",it_solution,LDM,active,LogicalEntity,,,,,1,LDM-004.c1,conditional_branch,error,DAMS-REQ-LDM-004.c1
dams:req-catalog/it-solution/0.1,it_solution_requirements,model-assets/specifications/moex-dams/0.1/requirements/it-solution-requirements.yaml,dams:req/LDM-005,LDM-005,logical_entity_has_attributes,Наличие характеристик,≥1 attribute unless technical with rationale.,"У логической сущности должен быть хотя бы один логический атрибут. Исключение — техническая сущность с письменным обоснованием, почему характеристик нет.",it_solution,LDM,active,LogicalEntity,,,,,1,LDM-005.c1,conditional_branch,error,DAMS-REQ-LDM-005.c1
dams:req-catalog/it-solution/0.1,it_solution_requirements,model-assets/specifications/moex-dams/0.1/requirements/it-solution-requirements.yaml,dams:req/LDM-006,LDM-006,conceptual_alignment,Связь с корпоративными понятиями,Status-driven conceptual alignment.,"Логическая сущность должна быть прослеживаемо связана с корпоративным понятием либо иметь допустимый статус выравнивания с обоснованием: «ожидает решения», «только локальный смысл» или «не применимо» (только для технических сущностей). Ссылка на корпоративное понятие и пояснение характера реализации могут присутствовать одновременно.",it_solution,LDM,active,LogicalEntity,,,,,1,LDM-006.c1,conditional_branch,error,DAMS-REQ-LDM-006.c1
dams:req-catalog/it-solution/0.1,it_solution_requirements,model-assets/specifications/moex-dams/0.1/requirements/it-solution-requirements.yaml,dams:req/LDM-007,LDM-007,semantic_inclusion,Семантическая включённость,Relationship / conceptual / isolation — не physical mapping alone.,"Нетехническая логическая сущность не должна быть изолированной: должна быть связь с другой логической сущностью, либо выравнивание/реализация корпоративного понятия, либо письменное обоснование изоляции. Одного только отображения на таблицу/API недостаточно, чтобы считать сущность включённой в смысловую модель.",it_solution,LDM,active,LogicalEntity,,,,,1,LDM-007.c1,conditional_branch,error,DAMS-REQ-LDM-007.c1
dams:req-catalog/it-solution/0.1,it_solution_requirements,model-assets/specifications/moex-dams/0.1/requirements/it-solution-requirements.yaml,dams:req/LDM-008,LDM-008,realization_completeness,Полнота реализации зависимых концептов,Warning when an aligned LogicalEntity realizes a dependent enterprise concept without a logical Relationship to a peer that realizes each owner (ADR-029).,"Если логическая сущность выровнена (aligned) с зависимым корпоративным понятием (entity_tier=dependent) из пакета, указанного в conceptual_implementation_ref, то в том же solution-пакете должна быть логическая связь с сущностью, реализующей каждого владельца из depends_on_refs. Нарушение — предупреждение (не ошибка): подсказка моделисту, не наследование атрибутов и не subclass.",it_solution,LDM,active,LogicalEntity,,,,,1,LDM-008.c1,conditional_branch,warning,DAMS-REQ-LDM-008.c1
dams:req-catalog/it-solution/0.1,it_solution_requirements,model-assets/specifications/moex-dams/0.1/requirements/it-solution-requirements.yaml,dams:req/PDM-001,PDM-001,physical_object_core,Основные свойства физического объекта,"system, kind, name, technology, schema, lifecycle.","У физического объекта данных должны быть указаны ИТ-система, вид объекта, нативное имя/идентификатор, технология и ссылка на нативную схему или формат, а также статус жизненного цикла.",it_solution,PDM,active,PhysicalObject,,,,,6,PDM-001.c1; PDM-001.c2; PDM-001.c3; PDM-001.c4; PDM-001.c5; PDM-001.c6,slot_required; slot_required; slot_required; slot_required; slot_required; slot_required,error; error; error; error; error; error,DAMS-REQ-PDM-001.c1; DAMS-REQ-PDM-001.c2; DAMS-REQ-PDM-001.c3; DAMS-REQ-PDM-001.c4; DAMS-REQ-PDM-001.c5; DAMS-REQ-PDM-001.c6
dams:req-catalog/it-solution/0.1,it_solution_requirements,model-assets/specifications/moex-dams/0.1/requirements/it-solution-requirements.yaml,dams:req/PDM-002,PDM-002,physical_field_core,Основные свойства физического поля,"parent, native name/type, required.","У физического поля должны быть указаны родительский объект, нативное имя, нативный тип и семантика обязательности (допустимость пустого значения).",it_solution,PDM,active,PhysicalField,,,,,4,PDM-002.c1; PDM-002.c2; PDM-002.c3; PDM-002.c4,slot_required; slot_required; slot_required; slot_required,error; error; error; error,DAMS-REQ-PDM-002.c1; DAMS-REQ-PDM-002.c2; DAMS-REQ-PDM-002.c3; DAMS-REQ-PDM-002.c4
dams:req-catalog/it-solution/0.1,it_solution_requirements,model-assets/specifications/moex-dams/0.1/requirements/it-solution-requirements.yaml,dams:req/PDM-003,PDM-003,entity_physical_mapping,Отображение сущности и физического объекта,Explicit entity_physical Mapping only.,"Для физического объекта, который несёт данные и не помечен как только технический, должно существовать явное отображение уровня сущности на одну или несколько логических сущностей. Наличие отображений отдельных полей само по себе не засчитывается как доказательство на уровне объекта.",it_solution,PDM,active,PhysicalObject,table; view; file; dataset; api; endpoint; topic; message; queue; payload,,,,1,PDM-003.c1,conditional_branch,error,DAMS-REQ-PDM-003.c1
dams:req-catalog/it-solution/0.1,it_solution_requirements,model-assets/specifications/moex-dams/0.1/requirements/it-solution-requirements.yaml,dams:req/PDM-004,PDM-004,field_attribute_mapping,Отображение поля и атрибута,Field-level mapping or exception.,"Для физического поля, не помеченного как только техническое, должно быть отображение на логический атрибут и/или правило преобразования, либо письменное исключение. Источник-поле и выражение преобразования могут быть указаны вместе.",it_solution,PDM,active,PhysicalField,,,,,1,PDM-004.c1,conditional_branch,error,DAMS-REQ-PDM-004.c1
dams:req-catalog/it-solution/0.1,it_solution_requirements,model-assets/specifications/moex-dams/0.1/requirements/it-solution-requirements.yaml,dams:req/REF-001,REF-001,relationship_endpoints,Концы связи,source/target refs resolve.,"У логической связи должны быть явно указаны исходная и целевая сущности, и обе ссылки должны указывать на сущности того же пакета.",it_solution,REF,active,Relationship,,,,,4,REF-001.c1; REF-001.c2; REF-001.c3; REF-001.c4,slot_required; slot_required; ref_resolves; ref_resolves,error; error; error; error,DAMS-REQ-REF-001.c1; DAMS-REQ-REF-001.c2; DAMS-REF-005; DAMS-REF-006
dams:req-catalog/it-solution/0.1,it_solution_requirements,model-assets/specifications/moex-dams/0.1/requirements/it-solution-requirements.yaml,dams:req/REF-002,REF-002,relationship_cardinality,Кардинальность связи,Four cardinality slots when active.,У активной логической связи должны быть заданы минимальная и максимальная кардинальность с обеих сторон. Для черновика допускается незаполненность только при соответствующем статусе жизненного цикла и кратком обосновании.,it_solution,REF,active,Relationship,,,,,1,REF-002.c1,conditional_branch,error,DAMS-REQ-REF-002.c1
dams:req-catalog/it-solution/0.1,it_solution_requirements,model-assets/specifications/moex-dams/0.1/requirements/it-solution-requirements.yaml,dams:req/REF-003,REF-003,relationship_kind_soft,Тип логической связи,Wave 2 warning — relationship_kind recommended for active links.,"Для активной логической связи рекомендуется указать тип отношения (ассоциация, композиция, ссылка на справочник и т.п.), чтобы отличать смысловые связи от технических. На этапе первичной публикации отсутствие типа отмечается предупреждением.",it_solution,REF,active,Relationship,,,,,1,REF-003.c1,conditional_branch,warning,DAMS-REQ-REF-003.c1
