class,module,role,abstract,own_identifier,is_a,direct_mixins,slot_usage_description,has_definition,element_id,name,title,description,lifecycle_status,valid_from,valid_to,glossary_term_refs,tags
AccessPoint,technical,ModelElement,,element_id,TechnicalAsset,"HasLocation,HasProtocolBinding",,,req,req,opt,req,req,opt,opt,opt,opt
BusinessDomain,registries,none,,registry_id,RegistryEntry,,,,-,-,-,-,-,-,-,-,-
BusinessProcess,registries,none,,registry_id,RegistryEntry,,,,-,-,-,-,-,-,-,-,-
ClassificationAssignment,governance,none,,assignment_id,,,,,-,-,-,-,-,opt,opt,-,-
ConceptualDomain,semantic,ModelElement,,element_id,ModelElement,"HasOwnership,HasProvenance",,,req,req,opt,req,req,opt,opt,opt,opt
ConceptualEntity,core,ModelElement,,element_id,ModelElement,"HasBusinessClassification,HasDefinition,HasOwnership",yes,yes,req,req,opt,opt,req,opt,opt,opt,opt
ConceptualProperty,core,ModelElement,,element_id,ModelElement,"HasDefinition,HasOwnership,HasPolicyBindings,HasProvenance",yes,yes,req,req,opt,opt,req,opt,opt,opt,opt
Contains,technical,mixin,,,,,,,-,-,-,-,-,-,-,-,-
DataCarrier,technical,ModelElement,,element_id,TechnicalAsset,"Contains,HasLocation,HasStructure",,,req,req,opt,req,req,opt,opt,opt,opt
DataClassificationTerm,registries,none,,registry_id,RegistryEntry,,,,-,-,-,-,-,-,-,-,-
DataContainer,technical,ModelElement,,element_id,TechnicalAsset,Contains,,,req,req,opt,req,req,opt,opt,opt,opt
DataContractReference,registries,none,,registry_id,RegistryEntry,,,,-,-,-,-,-,-,-,-,-
DataFlow,integration,ModelElement,,element_id,ModelElement,"HasLifecycle,HasOwnership",,,req,req,opt,req,req,opt,opt,opt,opt
DataFlowEntityBinding,integration,ModelElement,,element_id,ModelElement,,,,req,req,opt,req,req,opt,opt,opt,opt
DataModelBinding,contract-binding,ModelElement,,element_id,ModelElement,"HasLifecycle,HasOwnership",,,req,req,opt,req,req,opt,opt,opt,opt
DataStructure,structure,ModelElement,,element_id,ModelElement,,,,req,req,opt,req,req,opt,opt,opt,opt
DataType,datatypes,ModelElement,,element_id,ModelElement,,,,req,req,opt,req,req,opt,opt,opt,opt
Dimension,analytics,ModelElement,,element_id,ModelElement,,,,req,req,opt,req,req,opt,opt,opt,opt
DomainContext,core,ModelElement,,element_id,ModelElement,HasOwnership,,,req,req,opt,req,req,opt,opt,opt,opt
EmbeddedElement,structure,EmbeddedElement,yes,local_key,,,yes,,-,-,-,opt,-,-,-,-,-
ExecutionAsset,technical,ModelElement,,element_id,TechnicalAsset,,,,req,req,opt,req,req,opt,opt,opt,opt
ExternalClassRef,core,none,,external_class_ref_id,,HasProvenance,,,-,-,-,-,-,-,-,-,-
FormalCheck,requirements,none,,check_id,,,,,-,-,-,-,-,-,-,-,-
GlossaryTerm,registries,none,,registry_id,RegistryEntry,,,,-,-,-,-,-,-,-,-,-
HasBusinessClassification,governance,mixin,,,,,,,-,-,-,-,-,-,-,-,-
HasDefinition,governance,mixin,,,,,,,-,-,-,-,-,-,-,-,-
HasGovernanceClassification,governance,mixin,,,,,,,-,-,-,-,-,-,-,-,-
HasLifecycle,governance,mixin,,,,,,,-,-,-,-,req,opt,opt,-,-
HasLocation,technical,mixin,,,,,,,-,-,-,-,-,-,-,-,-
HasOwnership,governance,mixin,,,,,,,-,-,-,-,-,-,-,-,-
HasPolicyBindings,governance,mixin,,,,,,,-,-,-,-,-,-,-,-,-
HasProtocolBinding,technical,mixin,,,,,,,-,-,-,-,-,-,-,-,-
HasProvenance,governance,mixin,,,,,,,-,-,-,-,-,-,-,-,-
HasStructure,technical,mixin,,,,,,,-,-,-,-,-,-,-,-,-
ITPlatform,registries,none,,registry_id,RegistryEntry,,,,-,-,-,-,-,-,-,-,-
ITSolution,registries,none,,registry_id,RegistryEntry,,,,-,-,-,-,-,-,-,-,-
ITSystem,registries,none,,registry_id,RegistryEntry,,,,-,-,-,-,-,-,-,-,-
IntegrationReference,registries,none,,registry_id,RegistryEntry,,,,-,-,-,-,-,-,-,-,-
LogicalAttribute,core,ModelElement,,element_id,ModelElement,"HasDefinition,HasGovernanceClassification,HasOwnership,HasPolicyBindings",yes,yes,req,req,opt,opt,req,opt,opt,opt,opt
LogicalEntity,core,ModelElement,,element_id,ModelElement,"HasBusinessClassification,HasDefinition,HasGovernanceClassification,HasOwnership,HasPolicyBindings",yes,yes,req,req,opt,opt,req,opt,opt,opt,opt
MOEXModelRepository,dams,none,,repository_id,,,,,-,-,-,-,-,-,-,-,-
Mapping,core,ModelElement,,element_id,ModelElement,HasProvenance,,,req,req,opt,req,req,opt,opt,opt,opt
Message,structure,ModelElement,,element_id,ModelElement,,yes,,req,req,opt,opt,req,opt,opt,opt,opt
Metric,analytics,ModelElement,,element_id,ModelElement,"HasOwnership,HasPolicyBindings",,,req,req,opt,req,req,opt,opt,opt,opt
ModelElement,core,ModelElement,yes,element_id,,HasLifecycle,,,req,req,opt,req,req,opt,opt,opt,opt
ModelPackage,core,ModelElement,,element_id,ModelElement,"HasGovernanceClassification,HasOwnership,HasPolicyBindings",,,req,req,opt,req,req,opt,opt,opt,opt
ModelSelection,contract-binding,ModelElement,,element_id,ModelElement,,,,req,req,opt,req,req,opt,opt,opt,opt
NativeTypeBinding,datatypes,none,,binding_id,,,,,-,-,-,-,-,-,-,-,-
OrganizationUnit,registries,none,,registry_id,RegistryEntry,,,,-,-,-,-,-,-,-,-,-
PermissibleValue,datatypes,none,,value_code,,,,,-,-,-,-,-,-,-,-,-
Policy,registries,none,,registry_id,RegistryEntry,,,,-,-,-,-,-,-,-,-,-
PolicyBinding,governance,none,,policy_binding_id,,,,,-,-,-,-,-,opt,opt,-,-
RegistryEntry,registries,none,yes,registry_id,,,,,-,-,-,-,-,-,-,-,-
RelationTerm,core,ModelElement,,element_id,ModelElement,HasDefinition,yes,yes,req,req,opt,opt,req,opt,opt,opt,opt
Relationship,core,ModelElement,,element_id,ModelElement,,,,req,req,opt,req,req,opt,opt,opt,opt
RequirementApplicability,requirements,none,,applicability_id,,,,,-,-,-,-,-,-,-,-,-
RequirementCatalog,requirements,none,,catalog_id,,,,,-,req,-,-,-,-,-,-,-
Role,registries,none,,registry_id,RegistryEntry,,,,-,-,-,-,-,-,-,-,-
SchemaNode,structure,EmbeddedElement,,local_key,EmbeddedElement,,yes,,-,-,-,opt,-,-,-,-,-
ScopedDefinition,governance,none,,scoped_definition_id,,HasProvenance,,,-,-,-,-,-,-,-,-,-
SelectedAttribute,contract-binding,ModelElement,,element_id,ModelElement,,,,req,req,opt,req,req,opt,opt,opt,opt
SelectedEntity,contract-binding,ModelElement,,element_id,ModelElement,,,,req,req,opt,req,req,opt,opt,opt,opt
SpecificationRequirement,requirements,ModelElement,,element_id,ModelElement,,,,req,req,opt,req,req,opt,opt,opt,opt
TechnicalAsset,technical,ModelElement,yes,element_id,ModelElement,"HasGovernanceClassification,HasOwnership,HasPolicyBindings",yes,,req,req,opt,req,req,opt,opt,opt,opt
ValueDomain,datatypes,ModelElement,,element_id,ModelElement,,,,req,req,opt,req,req,opt,opt,opt,opt
ValueMeaning,semantic,none,,meaning_key,,,,,-,-,-,-,-,-,-,-,-
ValueSetQuery,datatypes,none,,value_set_query_id,,,,,-,-,-,-,-,-,-,-,-
