local_name,label,label_ru,definition,definition_ru,parent_local_name,iri,module_path,source_domain,source_release,source_file_sha256
CashFlow,cash flow,денежный поток,the movement of money from some source to some sink,движение денежных средств от источника к получателю,,https://spec.edmcouncil.org/fibo/ontology/FND/Accounting/CashFlows/CashFlow,FND/Accounting/CashFlows.rdf,FND,master_2026Q2,11f30e320a47607eb0377d4c97d55d7f8607ad5ba323af00057df476c78573e2
CashFlowStructure,cash flow structure,структура денежных потоков,the structure related to one or more cash flows,"структура, связанная с одним или несколькими денежными потоками",,https://spec.edmcouncil.org/fibo/ontology/FND/Accounting/CashFlows/CashFlowStructure,FND/Accounting/CashFlows.rdf,FND,master_2026Q2,11f30e320a47607eb0377d4c97d55d7f8607ad5ba323af00057df476c78573e2
TriggeringEvent,triggering event,триггерное событие,event that relates to or triggers some aspect of a credit default swap,"событие, которое связано с кредитным дефолтным свопом или запускает его аспект",,https://spec.edmcouncil.org/fibo/ontology/FND/Accounting/CashFlows/TriggeringEvent,FND/Accounting/CashFlows.rdf,FND,master_2026Q2,11f30e320a47607eb0377d4c97d55d7f8607ad5ba323af00057df476c78573e2
AmountOfMoney,amount of money,сумма денег,amount of readily available cash in banknotes and coins,объём наличных средств в банкнотах и монетах,,https://spec.edmcouncil.org/fibo/ontology/FND/Accounting/CurrencyAmount/AmountOfMoney,FND/Accounting/CurrencyAmount.rdf,FND,master_2026Q2,d8ac505a3af7446979237a5fde69a03111d7d29caa0849ec16c5db9db51486e4
Currency,currency,валюта,"medium of exchange value, defined by reference to the geographical location of the monetary authorities responsible for it","средство обмена, определяемое по месту расположения денежных властей, отвечающих за неё",,https://spec.edmcouncil.org/fibo/ontology/FND/Accounting/CurrencyAmount/Currency,FND/Accounting/CurrencyAmount.rdf,FND,master_2026Q2,d8ac505a3af7446979237a5fde69a03111d7d29caa0849ec16c5db9db51486e4
CurrencyBasket,currency basket,валютная корзина,"selected group of currencies, in which the weighted average is used as a measure of the value or the amount of an obligation","набор валют, средневзвешенное значение которого используется как мера стоимости или суммы обязательства",,https://spec.edmcouncil.org/fibo/ontology/FND/Accounting/CurrencyAmount/CurrencyBasket,FND/Accounting/CurrencyAmount.rdf,FND,master_2026Q2,d8ac505a3af7446979237a5fde69a03111d7d29caa0849ec16c5db9db51486e4
CurrencyIdentifier,currency identifier,идентификатор валюты,sequence of characters representing some currency,"последовательность символов, обозначающая валюту",,https://spec.edmcouncil.org/fibo/ontology/FND/Accounting/CurrencyAmount/CurrencyIdentifier,FND/Accounting/CurrencyAmount.rdf,FND,master_2026Q2,d8ac505a3af7446979237a5fde69a03111d7d29caa0849ec16c5db9db51486e4
ExchangeRate,exchange rate,обменный курс,rate at which one currency can be exchanged for another,"курс, по которому одна валюта может быть обменена на другую",,https://spec.edmcouncil.org/fibo/ontology/FND/Accounting/CurrencyAmount/ExchangeRate,FND/Accounting/CurrencyAmount.rdf,FND,master_2026Q2,d8ac505a3af7446979237a5fde69a03111d7d29caa0849ec16c5db9db51486e4
Funds,funds,фонды (расчётная валюта),artificial currency used as calculation basis for another currency(s) and accounting purposes,"искусственная валюта, используемая как база расчёта для другой валюты и в учёте",,https://spec.edmcouncil.org/fibo/ontology/FND/Accounting/CurrencyAmount/Funds,FND/Accounting/CurrencyAmount.rdf,FND,master_2026Q2,d8ac505a3af7446979237a5fde69a03111d7d29caa0849ec16c5db9db51486e4
FundsIdentifier,funds identifier,идентификатор фондов,sequence of characters that can be used to uniquely identify funds,"последовательность символов, однозначно идентифицирующая фонды",,https://spec.edmcouncil.org/fibo/ontology/FND/Accounting/CurrencyAmount/FundsIdentifier,FND/Accounting/CurrencyAmount.rdf,FND,master_2026Q2,d8ac505a3af7446979237a5fde69a03111d7d29caa0849ec16c5db9db51486e4
Association,association,ассоциация,not-for-profit organization that is owned by and acts on behalf of its members,"некоммерческая организация, принадлежащая членам и действующая от их имени",FunctionalEntity,https://spec.edmcouncil.org/fibo/ontology/BE/FunctionalEntities/FunctionalEntities/Association,BE/FunctionalEntities/FunctionalEntities.rdf,BE,master_2026Q2,c223ea62dc9898c914b55fe7440301db0ed3d82a080ce53b3e050ec72a371768
CooperativeSociety,cooperative society,кооператив,organization owned by and operated for the benefit of those using its services,"организация, принадлежащая пользователям её услуг и действующая в их интересах",FunctionalEntity,https://spec.edmcouncil.org/fibo/ontology/BE/FunctionalEntities/FunctionalEntities/CooperativeSociety,BE/FunctionalEntities/FunctionalEntities.rdf,BE,master_2026Q2,c223ea62dc9898c914b55fe7440301db0ed3d82a080ce53b3e050ec72a371768
FamilyOffice,family office,семейный офис,organization that assumes the day-to-day administration and management of a family's affairs,"организация, ведущая повседневное управление делами семьи",FunctionalEntity,https://spec.edmcouncil.org/fibo/ontology/BE/FunctionalEntities/FunctionalEntities/FamilyOffice,BE/FunctionalEntities/FunctionalEntities.rdf,BE,master_2026Q2,c223ea62dc9898c914b55fe7440301db0ed3d82a080ce53b3e050ec72a371768
FunctionalBusinessEntity,functional business entity,функциональная бизнес-сущность,functional entity defined in terms of the nature of the commercial activity it conducts,"функциональная сущность, определяемая характером коммерческой деятельности",FunctionalEntity,https://spec.edmcouncil.org/fibo/ontology/BE/FunctionalEntities/FunctionalEntities/FunctionalBusinessEntity,BE/FunctionalEntities/FunctionalEntities.rdf,BE,master_2026Q2,c223ea62dc9898c914b55fe7440301db0ed3d82a080ce53b3e050ec72a371768
FunctionalEntity,functional entity,функциональная сущность,party defined in terms of a function they or it performs,"сторона, определяемая выполняемой функцией",,https://spec.edmcouncil.org/fibo/ontology/BE/FunctionalEntities/FunctionalEntities/FunctionalEntity,BE/FunctionalEntities/FunctionalEntities.rdf,BE,master_2026Q2,c223ea62dc9898c914b55fe7440301db0ed3d82a080ce53b3e050ec72a371768
Merchant,merchant,торговец,party engaged in the purchase and sales of goods produced by others for profit,"сторона, занимающаяся покупкой и продажей товаров, произведённых другими, ради прибыли",FunctionalBusinessEntity,https://spec.edmcouncil.org/fibo/ontology/BE/FunctionalEntities/FunctionalEntities/Merchant,BE/FunctionalEntities/FunctionalEntities.rdf,BE,master_2026Q2,c223ea62dc9898c914b55fe7440301db0ed3d82a080ce53b3e050ec72a371768
MerchantCategoryCode,merchant category code,код категории торговца,code used internationally to classify a merchant,код международной классификации торговца,,https://spec.edmcouncil.org/fibo/ontology/BE/FunctionalEntities/FunctionalEntities/MerchantCategoryCode,BE/FunctionalEntities/FunctionalEntities.rdf,BE,master_2026Q2,c223ea62dc9898c914b55fe7440301db0ed3d82a080ce53b3e050ec72a371768
MerchantCategoryCodeScheme,merchant category code scheme,схема кодов категорий торговца,scheme defining a set of codes for classifying merchant services,"схема, задающая набор кодов для классификации услуг торговца",,https://spec.edmcouncil.org/fibo/ontology/BE/FunctionalEntities/FunctionalEntities/MerchantCategoryCodeScheme,BE/FunctionalEntities/FunctionalEntities.rdf,BE,master_2026Q2,c223ea62dc9898c914b55fe7440301db0ed3d82a080ce53b3e050ec72a371768
MerchantIdentifier,merchant identifier,идентификатор торговца,"unique identifier for a merchant that is used, for example, for transaction interchange purposes","уникальный идентификатор торговца, используемый, например, при обмене транзакциями",,https://spec.edmcouncil.org/fibo/ontology/BE/FunctionalEntities/FunctionalEntities/MerchantIdentifier,BE/FunctionalEntities/FunctionalEntities.rdf,BE,master_2026Q2,c223ea62dc9898c914b55fe7440301db0ed3d82a080ce53b3e050ec72a371768
Syndicate,syndicate,синдикат,"temporary, self-organizing group of people, companies, corporations or entities organized as an alliance whose purpose is to transact some specific business, or to pursue or promote a shared interest",временный самоорганизующийся союз лиц или организаций для конкретной сделки или общего интереса,FunctionalEntity,https://spec.edmcouncil.org/fibo/ontology/BE/FunctionalEntities/FunctionalEntities/Syndicate,BE/FunctionalEntities/FunctionalEntities.rdf,BE,master_2026Q2,c223ea62dc9898c914b55fe7440301db0ed3d82a080ce53b3e050ec72a371768
Bankruptcy,bankruptcy,банкротство,credit event involving a change in state or condition in which a party becomes insolvent,"кредитное событие, связанное с неплатёжеспособностью стороны",CreditEvent,https://spec.edmcouncil.org/fibo/ontology/FBC/DebtAndEquities/CreditEvents/Bankruptcy,FBC/DebtAndEquities/CreditEvents.rdf,FBC,master_2026Q2,bc069e913f78f120d461cf77899be0452acda5d5786c9cd342e37931a2b141c6
CreditEvent,credit event,кредитное событие,"event signifying a sudden change in credit standing, such as bankruptcy or a violation of a bond indenture or loan agreement, that raises doubts about the party's ability to meet current or future obligations","событие, резко меняющее кредитоспособность и ставящее под сомнение способность стороны исполнять обязательства",,https://spec.edmcouncil.org/fibo/ontology/FBC/DebtAndEquities/CreditEvents/CreditEvent,FBC/DebtAndEquities/CreditEvents.rdf,FBC,master_2026Q2,bc069e913f78f120d461cf77899be0452acda5d5786c9cd342e37931a2b141c6
CrossDefaultProvision,cross default provision,положение о кросс-дефолте,contract provision that triggers a default under one contract if the borrower defaults on another related obligation,"условие договора, при котором дефолт по одному обязательству вызывает дефолт по связанному",,https://spec.edmcouncil.org/fibo/ontology/FBC/DebtAndEquities/CreditEvents/CrossDefaultProvision,FBC/DebtAndEquities/CreditEvents.rdf,FBC,master_2026Q2,bc069e913f78f120d461cf77899be0452acda5d5786c9cd342e37931a2b141c6
DefaultEvent,default event,событие дефолта,"credit event representing a failure to meet a contractual obligation, such as failure to repay a debt including interest or principal on a loan or security","кредитное событие — неисполнение договорного обязательства, в том числе по долгу",CreditEvent,https://spec.edmcouncil.org/fibo/ontology/FBC/DebtAndEquities/CreditEvents/DefaultEvent,FBC/DebtAndEquities/CreditEvents.rdf,FBC,master_2026Q2,bc069e913f78f120d461cf77899be0452acda5d5786c9cd342e37931a2b141c6
DistressedRatingsDowngrade,distressed ratings downgrade,понижение рейтинга до distressed,credit event triggered when the credit rating of an obligation is downgraded to a distressed debt level,кредитное событие при понижении рейтинга обязательства до уровня distressed debt,Downgrade,https://spec.edmcouncil.org/fibo/ontology/FBC/DebtAndEquities/CreditEvents/DistressedRatingsDowngrade,FBC/DebtAndEquities/CreditEvents.rdf,FBC,master_2026Q2,bc069e913f78f120d461cf77899be0452acda5d5786c9cd342e37931a2b141c6
Downgrade,downgrade,понижение рейтинга,credit event triggered when the credit rating of a party or obligation is lowered,кредитное событие при снижении кредитного рейтинга стороны или обязательства,CreditEvent,https://spec.edmcouncil.org/fibo/ontology/FBC/DebtAndEquities/CreditEvents/Downgrade,FBC/DebtAndEquities/CreditEvents.rdf,FBC,master_2026Q2,bc069e913f78f120d461cf77899be0452acda5d5786c9cd342e37931a2b141c6
EntitySpecificCreditEvent,entity-specific credit event,кредитное событие конкретной сущности,credit event that applies to a given legal person,"кредитное событие, применимое к конкретному юридическому лицу",CreditEvent,https://spec.edmcouncil.org/fibo/ontology/FBC/DebtAndEquities/CreditEvents/EntitySpecificCreditEvent,FBC/DebtAndEquities/CreditEvents.rdf,FBC,master_2026Q2,bc069e913f78f120d461cf77899be0452acda5d5786c9cd342e37931a2b141c6
FailureToPay,failure to pay,неисполнение платежа,default event that is triggered following any applicable grace period in which a payment obligation is missed,"событие дефолта после льготного периода, когда платёжное обязательство просрочено",DefaultEvent,https://spec.edmcouncil.org/fibo/ontology/FBC/DebtAndEquities/CreditEvents/FailureToPay,FBC/DebtAndEquities/CreditEvents.rdf,FBC,master_2026Q2,bc069e913f78f120d461cf77899be0452acda5d5786c9cd342e37931a2b141c6
FailureToPayInterest,failure to pay interest,неисполнение уплаты процентов,default event that where either an expected interest payment is missed altogether or the amount paid is less than the required amount,неисполнение платежа по процентам (полная или частичная недоплата),FailureToPay,https://spec.edmcouncil.org/fibo/ontology/FBC/DebtAndEquities/CreditEvents/FailureToPayInterest,FBC/DebtAndEquities/CreditEvents.rdf,FBC,master_2026Q2,bc069e913f78f120d461cf77899be0452acda5d5786c9cd342e37931a2b141c6
FailureToPayPrincipal,failure to pay principal,неисполнение уплаты основного долга,default event that where either an expected principal payment is missed altogether or the amount paid is less than the required amount,неисполнение платежа по основному долгу (полная или частичная недоплата),FailureToPay,https://spec.edmcouncil.org/fibo/ontology/FBC/DebtAndEquities/CreditEvents/FailureToPayPrincipal,FBC/DebtAndEquities/CreditEvents.rdf,FBC,master_2026Q2,bc069e913f78f120d461cf77899be0452acda5d5786c9cd342e37931a2b141c6
AutoAssetBackedSecurity,auto asset-backed security,ABS на автокредиты,asset-backed security that is backed by an underlying pool of auto-related loans and/or leases,"ценная бумага, обеспеченная пулом автокредитов и/или автолизинга",ConsumerAssetBackedSecurity,https://spec.edmcouncil.org/fibo/ontology/SEC/Debt/AssetBackedSecurities/AutoAssetBackedSecurity,SEC/Debt/AssetBackedSecurities.rdf,SEC,master_2026Q2,bc31503fb47984eace3c48c15e458215440e108098254f13885985b958f90b44
AutoDebtPool,auto debt pool,пул автодолга,debt pool of loans and/or leases that are motor vehicle-related,"долговой пул кредитов и/или лизинга, связанных с автотранспортом",,https://spec.edmcouncil.org/fibo/ontology/SEC/Debt/AssetBackedSecurities/AutoDebtPool,SEC/Debt/AssetBackedSecurities.rdf,SEC,master_2026Q2,bc31503fb47984eace3c48c15e458215440e108098254f13885985b958f90b44
BondPool,bond pool,пул облигаций,debt pool of consisting of bonds,"долговой пул, состоящий из облигаций",,https://spec.edmcouncil.org/fibo/ontology/SEC/Debt/AssetBackedSecurities/BondPool,SEC/Debt/AssetBackedSecurities.rdf,SEC,master_2026Q2,bc31503fb47984eace3c48c15e458215440e108098254f13885985b958f90b44
ConsumerAssetBackedSecurity,consumer asset-backed security,потребительский ABS,"structured finance securities collateralized by pools of auto loans and leases (auto ABS), credit card receivables (credit card ABS) or student loans (student loan ABS)","структурированные бумаги, обеспеченные автокредитами, картами или студенческими займами",,https://spec.edmcouncil.org/fibo/ontology/SEC/Debt/AssetBackedSecurities/ConsumerAssetBackedSecurity,SEC/Debt/AssetBackedSecurities.rdf,SEC,master_2026Q2,bc31503fb47984eace3c48c15e458215440e108098254f13885985b958f90b44
ControlledAmortizationAssetBackedSecurity,controlled amortization asset-backed security,ABS с контролируемой амортизацией,asset-backed security based on a pool of bonds securitized using a controlled amortization structure,ABS на пуле облигаций со структурой контролируемой амортизации,,https://spec.edmcouncil.org/fibo/ontology/SEC/Debt/AssetBackedSecurities/ControlledAmortizationAssetBackedSecurity,SEC/Debt/AssetBackedSecurities.rdf,SEC,master_2026Q2,bc31503fb47984eace3c48c15e458215440e108098254f13885985b958f90b44
CreditCardAccountPool,credit card account pool,пул счетов по картам,pool of credit card receivables associated with designated accounts,пул дебиторской задолженности по кредитным картам выбранных счетов,,https://spec.edmcouncil.org/fibo/ontology/SEC/Debt/AssetBackedSecurities/CreditCardAccountPool,SEC/Debt/AssetBackedSecurities.rdf,SEC,master_2026Q2,bc31503fb47984eace3c48c15e458215440e108098254f13885985b958f90b44
CreditCardAssetBackedSecurity,credit card asset-backed security,ABS на кредитные карты,asset-backed security based on credit card receivables,"ценная бумага, обеспеченная задолженностью по кредитным картам",ConsumerAssetBackedSecurity,https://spec.edmcouncil.org/fibo/ontology/SEC/Debt/AssetBackedSecurities/CreditCardAssetBackedSecurity,SEC/Debt/AssetBackedSecurities.rdf,SEC,master_2026Q2,bc31503fb47984eace3c48c15e458215440e108098254f13885985b958f90b44
FullyAmortizingAssetBackedSecurity,fully amortizing asset-backed security,полностью амортизируемый ABS,asset-backed security based on a pool of debt instruments that returns principal to investors over the life of the security,"ABS, возвращающий инвесторам основной долг в течение срока бумаги",,https://spec.edmcouncil.org/fibo/ontology/SEC/Debt/AssetBackedSecurities/FullyAmortizingAssetBackedSecurity,SEC/Debt/AssetBackedSecurities.rdf,SEC,master_2026Q2,bc31503fb47984eace3c48c15e458215440e108098254f13885985b958f90b44
HomeEquityLineOfCreditPool,home equity line of credit pool,пул HELOC,debt pool consisting of home equity loans,долговой пул кредитов под залог жилья (home equity),,https://spec.edmcouncil.org/fibo/ontology/SEC/Debt/AssetBackedSecurities/HomeEquityLineOfCreditPool,SEC/Debt/AssetBackedSecurities.rdf | SEC/Debt/MortgageBackedSecurities.rdf,SEC,master_2026Q2,bc31503fb47984eace3c48c15e458215440e108098254f13885985b958f90b44 | 025d7e89558a319cbd2b60f6a11ca228190a5137c59ed5b5bf34878c5f976f60
HomeEquityLoanAssetBackedSecurity,home equity loan asset-backed security,ABS на home equity,asset-backed security based on home equity loan receivables,"ценная бумага, обеспеченная задолженностью по кредитам под залог жилья",ConsumerAssetBackedSecurity,https://spec.edmcouncil.org/fibo/ontology/SEC/Debt/AssetBackedSecurities/HomeEquityLoanAssetBackedSecurity,SEC/Debt/AssetBackedSecurities.rdf,SEC,master_2026Q2,bc31503fb47984eace3c48c15e458215440e108098254f13885985b958f90b44
AssetBackedCreditDefaultSwap,asset-backed credit default swap,CDS на ABS,credit default swap whose underlying reference obligation is an asset-backed security rather than corporate credit,"кредитный дефолтный своп, референсное обязательство которого — ABS, а не корпоративный кредит",CreditDefaultSwap,https://spec.edmcouncil.org/fibo/ontology/DER/CreditDerivatives/CreditDefaultSwaps/AssetBackedCreditDefaultSwap,DER/CreditDerivatives/CreditDefaultSwaps.rdf,DER,master_2026Q2,e4f8942a4f125b0417240813e72a1c570b85cedb764dc5b88ed0663322233d4f
BasketCreditDefaultSwap,basket credit default swap,корзинный CDS,"credit default swap that references a bespoke, synthetic portfolio of underlying assets whose components have been agreed to for a specific OTC derivative by the parties to the transaction",CDS на согласованный сторонами синтетический портфель базовых активов,CreditDefaultSwap,https://spec.edmcouncil.org/fibo/ontology/DER/CreditDerivatives/CreditDefaultSwaps/BasketCreditDefaultSwap,DER/CreditDerivatives/CreditDefaultSwaps.rdf,DER,master_2026Q2,e4f8942a4f125b0417240813e72a1c570b85cedb764dc5b88ed0663322233d4f
BasketOfCreditDefaultSwaps,basket of credit default swaps,корзина CDS,basket of reference obligations are credit default swap instruments,корзина референсных обязательств — инструментов CDS,,https://spec.edmcouncil.org/fibo/ontology/DER/CreditDerivatives/CreditDefaultSwaps/BasketOfCreditDefaultSwaps,DER/CreditDerivatives/CreditDefaultSwaps.rdf,DER,master_2026Q2,e4f8942a4f125b0417240813e72a1c570b85cedb764dc5b88ed0663322233d4f
CashSettlementMethod,cash settlement method,метод денежного расчёта,strategy for calculating or otherwise establishing a reference final price for the contract,способ определения итоговой справочной цены контракта,,https://spec.edmcouncil.org/fibo/ontology/DER/CreditDerivatives/CreditDefaultSwaps/CashSettlementMethod,DER/CreditDerivatives/CreditDefaultSwaps.rdf,DER,master_2026Q2,e4f8942a4f125b0417240813e72a1c570b85cedb764dc5b88ed0663322233d4f
ContingentCreditDefaultSwap,contingent credit default swap,условный CDS,credit default swap in which an additional triggering event is required,"CDS, для которого требуется дополнительное триггерное событие",CreditDefaultSwap,https://spec.edmcouncil.org/fibo/ontology/DER/CreditDerivatives/CreditDefaultSwaps/ContingentCreditDefaultSwap,DER/CreditDerivatives/CreditDefaultSwaps.rdf,DER,master_2026Q2,e4f8942a4f125b0417240813e72a1c570b85cedb764dc5b88ed0663322233d4f
CreditDefaultSwap,credit default swap,кредитный дефолтный своп,"bilateral contract in which one party (protection seller) agrees to provide payment to the other party (protection buyer) should a credit event occur against the underlying, which could be a specified debt (the reference obligation), a specific debt issuer (reference entity), a basket of reference entities and/or reference obligations, or a credit index (reference index)","двусторонний контракт защиты от кредитного события по референсному обязательству, эмитенту, корзине или индексу",,https://spec.edmcouncil.org/fibo/ontology/DER/CreditDerivatives/CreditDefaultSwaps/CreditDefaultSwap,DER/CreditDerivatives/CreditDefaultSwaps.rdf,DER,master_2026Q2,e4f8942a4f125b0417240813e72a1c570b85cedb764dc5b88ed0663322233d4f
CreditDefaultSwapIndex,credit default swap index,индекс CDS,index whose underlying reference obligations are credit default swap instruments,"индекс, базой которого являются инструменты CDS",,https://spec.edmcouncil.org/fibo/ontology/DER/CreditDerivatives/CreditDefaultSwaps/CreditDefaultSwapIndex,DER/CreditDerivatives/CreditDefaultSwaps.rdf,DER,master_2026Q2,e4f8942a4f125b0417240813e72a1c570b85cedb764dc5b88ed0663322233d4f
CreditEventNotice,credit event notice,уведомление о кредитном событии,irrevocable written or verbal notice that states that a triggering event has occurred,безотзывное письменное или устное уведомление о наступлении триггерного события,,https://spec.edmcouncil.org/fibo/ontology/DER/CreditDerivatives/CreditDefaultSwaps/CreditEventNotice,DER/CreditDerivatives/CreditDefaultSwaps.rdf,DER,master_2026Q2,e4f8942a4f125b0417240813e72a1c570b85cedb764dc5b88ed0663322233d4f
CreditProtectionTerms,credit protection terms,условия кредитной защиты,legal terms that define triggering events and associated conditions related to settlement,"правовые условия, определяющие триггерные события и расчёт",,https://spec.edmcouncil.org/fibo/ontology/DER/CreditDerivatives/CreditDefaultSwaps/CreditProtectionTerms,DER/CreditDerivatives/CreditDefaultSwaps.rdf,DER,master_2026Q2,e4f8942a4f125b0417240813e72a1c570b85cedb764dc5b88ed0663322233d4f
DeliverableObligation,deliverable asset,поставляемое обязательство,asset that must be delivered as a part of the process of settling a credit default swap,"актив, подлежащий поставке при расчёте по CDS",,https://spec.edmcouncil.org/fibo/ontology/DER/CreditDerivatives/CreditDefaultSwaps/DeliverableObligation,DER/CreditDerivatives/CreditDefaultSwaps.rdf,DER,master_2026Q2,e4f8942a4f125b0417240813e72a1c570b85cedb764dc5b88ed0663322233d4f
